{
    "products": [
        {
            "id": 1,
            "name": "شاورما كلاسيك",
            "description": "شاورما لحم مع صلصة الطحينة",
            "price": 70,
            "image": "img/3.png"
        },
        {
            "id": 2,
            "name": "شاورما دجاج",
            "description": "شاورما دجاج مع الخبز العربي",
            "price": 65,
            "image": "img/4.png"
        },
        {
            "id": 3,
            "name": "شاورما بالجبن",
            "description": "شاورما دجاج مع الجبن المذاب",
            "price": 75,
            "image": "img/5.png"
        },
        {
            "id": 4,
            "name": "شاورما سبايسي",
            "description": "شاورما لحم مع صلصة حارة",
            "price": 80,
            "image": "img/3.png"
        },
        {
            "id": 5,
            "name": "شاورما ميكس",
            "description": "شاورما لحم ودجاج مع الخبز الطازج",
            "price": 90,
            "image": "img/4.png"
        },
        {
            "id": 6,
            "name": "شاورما عربي",
            "description": "شاورما ملفوفة في خبز عربي مع صلصة الثوم",
            "price": 85,
            "image": "img/5.png"
        },
        {
            "id": 7,
            "name": "شاورما بالبطاطس",
            "description": "شاورما دجاج مع شرائح البطاطس المقلية",
            "price": 70,
            "image": "img/3.png"
        },
        {
            "id": 8,
            "name": "شاورما بالخضار",
            "description": "شاورما دجاج مع خضروات طازجة",
            "price": 65,
            "image": "img/4.png"
        },
        {
            "id": 9,
            "name": "شاورما بالتوابل",
            "description": "شاورما لحم متبلة بنكهات خاصة",
            "price": 85,
            "image": "img/5.png"
        },
        {
            "id": 10,
            "name": "شاورما بالفطر",
            "description": "شاورما دجاج مع شرائح الفطر",
            "price": 80,
            "image": "img/3.png"
        },
        {
            "id": 11,
            "name": "شاورما بالحمص",
            "description": "شاورما لحم مع الحمص وصلصة الطحينة",
            "price": 75,
            "image": "img/4.png"
        },
        {
            "id": 12,
            "name": "شاورما بالمخلل",
            "description": "شاورما دجاج مع شرائح المخلل",
            "price": 70,
            "image": "img/5.png"
        },
        {
            "id": 13,
            "name": "شاورما بالبصل",
            "description": "شاورما لحم مع شرائح البصل المشوي",
            "price": 80,
            "image": "img/3.png"
        },
        {
            "id": 14,
            "name": "شاورما بالزعتر",
            "description": "شاورما دجاج مع الزعتر وزيت الزيتون",
            "price": 65,
            "image": "img/4.png"
        },
        {
            "id": 15,
            "name": "شاورما لبنانية",
            "description": "شاورما لحم مع صلصة لبنانية مميزة",
            "price": 90,
            "image": "img/5.png"
        },
        {
            "id": 16,
            "name": "شاورما بالموتزاريلا",
            "description": "شاورما دجاج مع جبن الموتزاريلا",
            "price": 85,
            "image": "img/3.png"
        },
        {
            "id": 17,
            "name": "شاورما بالكاري",
            "description": "شاورما لحم بنكهة الكاري",
            "price": 80,
            "image": "img/4.png"
        },
        {
            "id": 18,
            "name": "شاورما بالعسل",
            "description": "شاورما دجاج مع صلصة العسل والخردل",
            "price": 90,
            "image": "img/5.png"
        },
        {
            "id": 19,
            "name": "شاورما بالأعشاب",
            "description": "شاورما لحم مع أعشاب عطرية طازجة",
            "price": 85,
            "image": "img/3.png"
        },
        {
            "id": 20,
            "name": "شاورما بالفلفل",
            "description": "شاورما دجاج مع شرائح الفلفل الملون",
            "price": 75,
            "image": "img/4.png"
        },
        {
            "id": 21,
            "name": "شاورما بالتتبيلة السورية",
            "description": "شاورما لحم بنكهة التوابل السورية",
            "price": 95,
            "image": "img/5.png"
        },
        {
            "id": 22,
            "name": "شاورما بالخردل",
            "description": "شاورما دجاج مع صلصة الخردل",
            "price": 70,
            "image": "img/3.png"
        },
        {
            "id": 23,
            "name": "شاورما بالعصير",
            "description": "شاورما لحم مع تتبيلة عصير الليمون",
            "price": 85,
            "image": "img/4.png"
        },
        {
            "id": 24,
            "name": "شاورما بالطحينة",
            "description": "شاورما دجاج مع صلصة الطحينة",
            "price": 75,
            "image": "img/5.png"
        },
        {
            "id": 25,
            "name": "شاورما مكسيكية",
            "description": "شاورما لحم بنكهة التوابل المكسيكية",
            "price": 90,
            "image": "img/3.png"
        },
        {
            "id": 26,
            "name": "شاورما بالزبادي",
            "description": "شاورما دجاج مع صلصة الزبادي",
            "price": 70,
            "image": "img/4.png"
        },
        {
            "id": 27,
            "name": "شاورما بالكزبرة",
            "description": "شاورما لحم مع الكزبرة الطازجة",
            "price": 85,
            "image": "img/5.png"
        },
        {
            "id": 28,
            "name": "شاورما بالمشروم",
            "description": "شاورما دجاج مع صلصة المشروم",
            "price": 80,
            "image": "img/3.png"
        },
        {
            "id": 29,
            "name": "شاورما بالخلطة السرية",
            "description": "شاورما لحم مع تتبيلة خاصة",
            "price": 95,
            "image": "img/4.png"
        },
        {
            "id": 30,
            "name": "شاورما بالريحان",
            "description": "شاورما دجاج مع أوراق الريحان",
            "price": 85,
            "image": "img/5.png"
        },
        {
            "id": 32,
            "name": "شاورما بالمستردة",
            "description": "شاورما دجاج مع صلصة المستردة والعسل",
            "price": 85,
            "image": "img/3.png"
        },
        {
            "id": 33,
            "name": "شاورما بالكاتشب",
            "description": "شاورما لحم مع صلصة الكاتشب الخاصة",
            "price": 75,
            "image": "img/4.png"
        },
        {
            "id": 34,
            "name": "شاورما بالخردل والعسل",
            "description": "شاورما دجاج بنكهة العسل والخردل",
            "price": 80,
            "image": "img/5.png"
        },
        {
            "id": 35,
            "name": "شاورما بالأوريجانو",
            "description": "شاورما لحم مع نكهة الأوريجانو",
            "price": 90,
            "image": "img/3.png"
        },
        {
            "id": 36,
            "name": "شاورما بالباذنجان",
            "description": "شاورما دجاج مع شرائح الباذنجان المشوي",
            "price": 85,
            "image": "img/4.png"
        },
        {
            "id": 37,
            "name": "شاورما بالجبن السائل",
            "description": "شاورما لحم مع صلصة الجبن السائل",
            "price": 95,
            "image": "img/5.png"
        },
        {
            "id": 38,
            "name": "شاورما حارة",
            "description": "شاورما دجاج متبلة بالفلفل الحار",
            "price": 80,
            "image": "img/3.png"
        },
        {
            "id": 39,
            "name": "شاورما بالبروكلي",
            "description": "شاورما لحم مع قطع البروكلي الطازجة",
            "price": 85,
            "image": "img/4.png"
        },
        {
            "id": 40,
            "name": "شاورما بالجبن الشيدر",
            "description": "شاورما دجاج مع جبن الشيدر الذائب",
            "price": 90,
            "image": "img/5.png"
        },
        {
            "id": 41,
            "name": "شاورما بالموزاريلا",
            "description": "شاورما لحم مع جبن الموزاريلا",
            "price": 95,
            "image": "img/3.png"
        },
        {
            "id": 42,
            "name": "شاورما بالثوم الكريمي",
            "description": "شاورما دجاج مع صلصة الثوم الكريمية",
            "price": 85,
            "image": "img/4.png"
        },
        {
            "id": 43,
            "name": "شاورما مع صلصة الطماطم",
            "description": "شاورما لحم مع صلصة الطماطم الطازجة",
            "price": 80,
            "image": "img/5.png"
        },
        {
            "id": 44,
            "name": "شاورما مشوية",
            "description": "شاورما دجاج مشوية على الفحم",
            "price": 90,
            "image": "img/3.png"
        },
        {
            "id": 45,
            "name": "شاورما بالكزبرة والليمون",
            "description": "شاورما لحم مع الكزبرة الطازجة وعصير الليمون",
            "price": 85,
            "image": "img/4.png"
        },
        {
            "id": 46,
            "name": "شاورما بالفلفل الأسود",
            "description": "شاورما دجاج بنكهة الفلفل الأسود القوية",
            "price": 75,
            "image": "img/5.png"
        },
        {
            "id": 47,
            "name": "شاورما بالمشروم والجبن",
            "description": "شاورما لحم مع مشروم وجبن",
            "price": 90,
            "image": "img/3.png"
        },
        {
            "id": 48,
            "name": "شاورما بالنعناع",
            "description": "شاورما دجاج مع نكهة النعناع الطازج",
            "price": 85,
            "image": "img/4.png"
        },
        {
            "id": 49,
            "name": "شاورما بطعم الشواء",
            "description": "شاورما لحم مع نكهة الشواء المدخنة",
            "price": 95,
            "image": "img/5.png"
        },
        {
            "id": 50,
            "name": "شاورما مع الأفوكادو",
            "description": "شاورما دجاج مع شرائح الأفوكادو الطازجة",
            "price": 100,
            "image": "img/3.png"
        }
    ]
}