{
    "products": [
        {
            "id": 1,
            "name": "حوواشي كلاسيك",
            "description": "حوواشي باللحم المتبل والخبز البلدي",
            "price": 50,
            "image": "img/6.png"
        },
        {
            "id": 2,
            "name": "حوواشي جبن",
            "description": "حوواشي محشو بالجبن المذاب",
            "price": 55,
            "image": "img/7.png"
        },
        {
            "id": 3,
            "name": "حوواشي حار",
            "description": "حوواشي بنكهة الفلفل الحار",
            "price": 60,
            "image": "img/6.png"
        },
        {
            "id": 4,
            "name": "حوواشي مشوي",
            "description": "حوواشي مشوي على الفحم",
            "price": 65,
            "image": "img/7.png"
        },
        {
            "id": 5,
            "name": "حوواشي ميكس",
            "description": "حوواشي بلحم ودجاج مع تتبيلة خاصة",
            "price": 70,
            "image": "img/6.png"
        },
        {
            "id": 6,
            "name": "حوواشي بالسجق",
            "description": "حوواشي محشو بالسجق البلدي",
            "price": 75,
            "image": "img/7.png"
        },
        {
            "id": 7,
            "name": "حوواشي بالخضار",
            "description": "حوواشي محشو بالخضروات الطازجة",
            "price": 50,
            "image": "img/6.png"
        },
        {
            "id": 8,
            "name": "حوواشي بالزعتر",
            "description": "حوواشي مضاف إليه الزعتر",
            "price": 55,
            "image": "img/7.png"
        },
        {
            "id": 9,
            "name": "حوواشي تركي",
            "description": "حوواشي على الطريقة التركية",
            "price": 60,
            "image": "img/6.png"
        },
        {
            "id": 10,
            "name": "حوواشي دجاج",
            "description": "حوواشي بالدجاج المتبل",
            "price": 65,
            "image": "img/7.png"
        },
        {
            "id": 11,
            "name": "حوواشي بالبسطرمة",
            "description": "حوواشي محشو بالبسطرمة والجبن",
            "price": 70,
            "image": "img/6.png"
        },
        {
            "id": 12,
            "name": "حوواشي بالفطر",
            "description": "حوواشي محشو بشرائح الفطر",
            "price": 75,
            "image": "img/7.png"
        },
        {
            "id": 13,
            "name": "حوواشي بالمشروم",
            "description": "حوواشي مع صلصة المشروم",
            "price": 80,
            "image": "img/6.png"
        },
        {
            "id": 14,
            "name": "حوواشي إيطالي",
            "description": "حوواشي على الطريقة الإيطالية",
            "price": 85,
            "image": "img/7.png"
        },
        {
            "id": 15,
            "name": "حوواشي بالبصل",
            "description": "حوواشي محشو بالبصل المشوي",
            "price": 50,
            "image": "img/6.png"
        },
        {
            "id": 16,
            "name": "حوواشي بالثوم",
            "description": "حوواشي مضاف إليه الثوم",
            "price": 55,
            "image": "img/7.png"
        },
        {
            "id": 17,
            "name": "حوواشي بالموتزاريلا",
            "description": "حوواشي مع جبن الموتزاريلا",
            "price": 60,
            "image": "img/6.png"
        },
        {
            "id": 18,
            "name": "حوواشي مكسيكي",
            "description": "حوواشي بنكهة التوابل المكسيكية",
            "price": 65,
            "image": "img/7.png"
        },
        {
            "id": 19,
            "name": "حوواشي بالسماق",
            "description": "حوواشي مع السماق الحامض",
            "price": 70,
            "image": "img/6.png"
        },
        {
            "id": 20,
            "name": "حوواشي شامي",
            "description": "حوواشي على الطريقة الشامية",
            "price": 75,
            "image": "img/7.png"
        },
        {
            "id": 21,
            "name": "حوواشي بالحمص",
            "description": "حوواشي محشو بالحمص",
            "price": 80,
            "image": "img/6.png"
        },
        {
            "id": 22,
            "name": "حوواشي كاري",
            "description": "حوواشي مضاف إليه بهارات الكاري",
            "price": 85,
            "image": "img/7.png"
        },
        {
            "id": 23,
            "name": "حوواشي بالخردل",
            "description": "حوواشي مع صلصة الخردل",
            "price": 60,
            "image": "img/6.png"
        },
        {
            "id": 24,
            "name": "حوواشي بالمخلل",
            "description": "حوواشي مع شرائح المخلل",
            "price": 65,
            "image": "img/7.png"
        },
        {
            "id": 25,
            "name": "حوواشي بالليمون",
            "description": "حوواشي مع عصير الليمون الطازج",
            "price": 70,
            "image": "img/6.png"
        },
        {
            "id": 26,
            "name": "حوواشي بالزعفران",
            "description": "حوواشي بنكهة الزعفران",
            "price": 75,
            "image": "img/7.png"
        },
        {
            "id": 27,
            "name": "حوواشي ريحان",
            "description": "حوواشي مضاف إليه الريحان الطازج",
            "price": 80,
            "image": "img/6.png"
        },
        {
            "id": 28,
            "name": "حوواشي بالعسل",
            "description": "حوواشي مع صلصة العسل والخردل",
            "price": 85,
            "image": "img/7.png"
        },
        {
            "id": 29,
            "name": "حوواشي بالبابريكا",
            "description": "حوواشي بنكهة البابريكا المدخنة",
            "price": 50,
            "image": "img/6.png"
        },
        {
            "id": 30,
            "name": "حوواشي بالزعتر البري",
            "description": "حوواشي مضاف إليه الزعتر البري",
            "price": 55,
            "image": "img/7.png"
        },
        {
            "id": 31,
            "name": "حوواشي بالموتزاريلا والطماطم",
            "description": "حوواشي محشو بالموتزاريلا والطماطم المجففة",
            "price": 60,
            "image": "img/6.png"
        },
        {
            "id": 32,
            "name": "حوواشي بالكاري الحار",
            "description": "حوواشي مضاف إليه بهارات الكاري الحارة",
            "price": 65,
            "image": "img/7.png"
        },
        {
            "id": 33,
            "name": "حوواشي بالروزماري",
            "description": "حوواشي بنكهة الروزماري الطازج",
            "price": 70,
            "image": "img/6.png"
        },
        {
            "id": 34,
            "name": "حوواشي بالكمون",
            "description": "حوواشي مضاف إليه الكمون والتوابل الشرقية",
            "price": 75,
            "image": "img/7.png"
        },
        {
            "id": 35,
            "name": "حوواشي بالبرتقال",
            "description": "حوواشي مضاف إليه لمسة من البرتقال",
            "price": 80,
            "image": "img/6.png"
        },
        {
            "id": 36,
            "name": "حوواشي بالنوتيلا",
            "description": "حوواشي محشو بالنوتيلا لعشاق الحلويات",
            "price": 85,
            "image": "img/7.png"
        },
        {
            "id": 37,
            "name": "حوواشي بالعسل الأسود",
            "description": "حوواشي محشو بالعسل الأسود والطحينة",
            "price": 50,
            "image": "img/6.png"
        },
        {
            "id": 38,
            "name": "حوواشي بالفلفل الألوان",
            "description": "حوواشي محشو بالفلفل الألوان الطازج",
            "price": 55,
            "image": "img/7.png"
        },
        {
            "id": 39,
            "name": "حوواشي بالسماق والليمون",
            "description": "حوواشي بنكهة السماق والليمون",
            "price": 60,
            "image": "img/6.png"
        },
        {
            "id": 40,
            "name": "حوواشي باللحم المدخن",
            "description": "حوواشي محشو باللحم المدخن",
            "price": 65,
            "image": "img/7.png"
        },
        {
            "id": 41,
            "name": "حوواشي بالصويا صوص",
            "description": "حوواشي مضاف إليه صلصة الصويا",
            "price": 70,
            "image": "img/6.png"
        },
        {
            "id": 42,
            "name": "حوواشي بالأعشاب الإيطالية",
            "description": "حوواشي بنكهة الأعشاب الإيطالية",
            "price": 75,
            "image": "img/7.png"
        },
        {
            "id": 43,
            "name": "حوواشي بالمشروم والجبن",
            "description": "حوواشي محشو بالمشروم والجبن",
            "price": 80,
            "image": "img/6.png"
        },
        {
            "id": 44,
            "name": "حوواشي بالبطاطس المهروسة",
            "description": "حوواشي محشو بالبطاطس المهروسة",
            "price": 85,
            "image": "img/7.png"
        },
        {
            "id": 45,
            "name": "حوواشي بالبروكلي",
            "description": "حوواشي محشو بالبروكلي الطازج",
            "price": 50,
            "image": "img/6.png"
        },
        {
            "id": 46,
            "name": "حوواشي بالسبانخ",
            "description": "حوواشي محشو بالسبانخ والجبن",
            "price": 55,
            "image": "img/7.png"
        },
        {
            "id": 47,
            "name": "حوواشي بالتوابل الهندية",
            "description": "حوواشي بنكهة التوابل الهندية",
            "price": 60,
            "image": "img/6.png"
        },
        {
            "id": 48,
            "name": "حوواشي بالفلفل الأسود",
            "description": "حوواشي مضاف إليه الفلفل الأسود الطازج",
            "price": 65,
            "image": "img/7.png"
        },
        {
            "id": 49,
            "name": "حوواشي بالباذنجان المشوي",
            "description": "حوواشي محشو بالباذنجان المشوي",
            "price": 70,
            "image": "img/6.png"
        },
        {
            "id": 50,
            "name": "حوواشي بالسالمون المدخن",
            "description": "حوواشي محشو بالسالمون المدخن والجبن الكريمي",
            "price": 75,
            "image": "img/7.png"
        }
    ]
}