{
    "products": [
        {
            "id": 1,
            "name": "جمبري مشوي",
            "description": "جمبري مشوي مع تتبيلة خاصة",
            "price": 120,
            "image": "img/8.png"
        },
        {
            "id": 2,
            "name": "جمبري بالكاري",
            "description": "جمبري مطبوخ مع بهارات الكاري",
            "price": 135,
            "image": "img/9.png"
        },
        {
            "id": 3,
            "name": "جمبري بالكريمة",
            "description": "جمبري مطهو بصلصة الكريمة",
            "price": 140,
            "image": "img/10.png"
        },
        {
            "id": 4,
            "name": "جمبري بالصوص الحار",
            "description": "جمبري مع صلصة الفلفل الحار",
            "price": 125,
            "image": "img/8.png"
        },
        {
            "id": 5,
            "name": "جمبري بالثوم والليمون",
            "description": "جمبري مشوح مع الثوم والليمون",
            "price": 130,
            "image": "img/9.png"
        },
        {
            "id": 6,
            "name": "جمبري مقلي",
            "description": "جمبري مقلي ومقرمش",
            "price": 110,
            "image": "img/10.png"
        },
        {
            "id": 7,
            "name": "جمبري بالريحان",
            "description": "جمبري مطبوخ مع الريحان الطازج",
            "price": 140,
            "image": "img/8.png"
        },
        {
            "id": 8,
            "name": "جمبري بالصويا صوص",
            "description": "جمبري مطبوخ مع صوص الصويا",
            "price": 125,
            "image": "img/9.png"
        },
        {
            "id": 9,
            "name": "جمبري بالكزبرة",
            "description": "جمبري مطهو مع الكزبرة الطازجة",
            "price": 115,
            "image": "img/10.png"
        },
        {
            "id": 10,
            "name": "جمبري بالزعتر",
            "description": "جمبري مضاف إليه الزعتر",
            "price": 120,
            "image": "img/8.png"
        },
        {
            "id": 11,
            "name": "جمبري بالطماطم",
            "description": "جمبري مع صلصة الطماطم الطازجة",
            "price": 125,
            "image": "img/9.png"
        },
        {
            "id": 12,
            "name": "جمبري مكسيكي",
            "description": "جمبري بتوابل مكسيكية",
            "price": 145,
            "image": "img/10.png"
        },
        {
            "id": 13,
            "name": "جمبري بالصوص الأبيض",
            "description": "جمبري مع صلصة بيضاء كريمية",
            "price": 140,
            "image": "img/8.png"
        },
        {
            "id": 14,
            "name": "جمبري بالبصل والفلفل",
            "description": "جمبري مع شرائح البصل والفلفل",
            "price": 130,
            "image": "img/9.png"
        },
        {
            "id": 15,
            "name": "جمبري تندوري",
            "description": "جمبري على الطريقة الهندية",
            "price": 150,
            "image": "img/10.png"
        },
        {
            "id": 16,
            "name": "جمبري بالزنجبيل",
            "description": "جمبري مطهو مع الزنجبيل الطازج",
            "price": 135,
            "image": "img/8.png"
        },
        {
            "id": 17,
            "name": "جمبري بالزبدة والثوم",
            "description": "جمبري مع الزبدة والثوم اللذيذ",
            "price": 125,
            "image": "img/9.png"
        },
        {
            "id": 18,
            "name": "جمبري بالبقدونس",
            "description": "جمبري مطهو مع البقدونس الطازج",
            "price": 120,
            "image": "img/10.png"
        },
        {
            "id": 19,
            "name": "جمبري بالعسل والخردل",
            "description": "جمبري مع صوص العسل والخردل",
            "price": 145,
            "image": "img/8.png"
        },
        {
            "id": 20,
            "name": "جمبري بالصوص الحلو والحامض",
            "description": "جمبري مع صوص الحلو والحامض",
            "price": 140,
            "image": "img/9.png"
        },
        {
            "id": 21,
            "name": "جمبري بالبقسماط",
            "description": "جمبري مقلي بالبقسماط المقرمش",
            "price": 110,
            "image": "img/10.png"
        },
        {
            "id": 22,
            "name": "جمبري بالصلصة الإيطالية",
            "description": "جمبري مع صلصة إيطالية لذيذة",
            "price": 145,
            "image": "img/8.png"
        },
        {
            "id": 23,
            "name": "جمبري بالأعشاب",
            "description": "جمبري مطهو مع الأعشاب الطازجة",
            "price": 135,
            "image": "img/9.png"
        },
        {
            "id": 24,
            "name": "جمبري بالبابريكا",
            "description": "جمبري مع نكهة البابريكا المدخنة",
            "price": 125,
            "image": "img/10.png"
        },
        {
            "id": 25,
            "name": "جمبري بالمايونيز",
            "description": "جمبري مع صوص المايونيز اللذيذ",
            "price": 130,
            "image": "img/8.png"
        },
        {
            "id": 26,
            "name": "جمبري بصلصة السمك",
            "description": "جمبري مع صلصة السمك الحارة",
            "price": 135,
            "image": "img/9.png"
        },
        {
            "id": 27,
            "name": "جمبري بالصلصة الآسيوية",
            "description": "جمبري مطهو على الطريقة الآسيوية",
            "price": 140,
            "image": "img/10.png"
        },
        {
            "id": 28,
            "name": "جمبري بالليمون والفلفل",
            "description": "جمبري مع نكهة الليمون والفلفل",
            "price": 125,
            "image": "img/8.png"
        },
        {
            "id": 29,
            "name": "جمبري بالخضار",
            "description": "جمبري مطهو مع الخضروات الطازجة",
            "price": 120,
            "image": "img/9.png"
        },
        {
            "id": 30,
            "name": "جمبري بالصلصة الحارة",
            "description": "جمبري مع صلصة حارة خاصة",
            "price": 130,
            "image": "img/10.png"
        },
        {
            "id": 31,
            "name": "جمبري بالسمسم",
            "description": "جمبري مقلي ومغطى بالسمسم المحمص",
            "price": 135,
            "image": "img/8.png"
        },
        {
            "id": 32,
            "name": "جمبري بالزبدة والفلفل الأسود",
            "description": "جمبري مطهو بالزبدة ونكهة الفلفل الأسود",
            "price": 140,
            "image": "img/9.png"
        },
        {
            "id": 33,
            "name": "جمبري مشوي بالروزماري",
            "description": "جمبري مشوي مع الروزماري وزيت الزيتون",
            "price": 145,
            "image": "img/10.png"
        },
        {
            "id": 34,
            "name": "جمبري مشوي بالعسل",
            "description": "جمبري مشوي مع صوص العسل والخردل",
            "price": 150,
            "image": "img/8.png"
        },
        {
            "id": 35,
            "name": "جمبري بالكريمة والثوم",
            "description": "جمبري مطبوخ في صوص الكريمة والثوم",
            "price": 155,
            "image": "img/9.png"
        },
        {
            "id": 36,
            "name": "جمبري بالفلفل الحلو",
            "description": "جمبري مطهو مع الفلفل الحلو وصلصة خاصة",
            "price": 130,
            "image": "img/10.png"
        },
        {
            "id": 37,
            "name": "جمبري بالبرتقال",
            "description": "جمبري مشوح في صلصة البرتقال الطازجة",
            "price": 135,
            "image": "img/8.png"
        },
        {
            "id": 38,
            "name": "جمبري بالمستردة والعسل",
            "description": "جمبري مضاف إليه المستردة والعسل لإضفاء نكهة مميزة",
            "price": 145,
            "image": "img/9.png"
        },
        {
            "id": 39,
            "name": "جمبري بالأعشاب والليمون",
            "description": "جمبري مطهو بأعشاب طازجة وعصير الليمون",
            "price": 140,
            "image": "img/10.png"
        },
        {
            "id": 40,
            "name": "جمبري بالطحينة",
            "description": "جمبري مشوي يقدم مع صلصة الطحينة",
            "price": 150,
            "image": "img/8.png"
        },
        {
            "id": 41,
            "name": "جمبري بالبصل الأخضر",
            "description": "جمبري مطبوخ مع شرائح البصل الأخضر",
            "price": 145,
            "image": "img/9.png"
        },
        {
            "id": 42,
            "name": "جمبري بالصوص الحلو والترياكي",
            "description": "جمبري مطهو بصوص الحلو والترياكي الياباني",
            "price": 155,
            "image": "img/10.png"
        },
        {
            "id": 43,
            "name": "جمبري بالأناناس",
            "description": "جمبري مع قطع الأناناس المشوي وصوص خاص",
            "price": 160,
            "image": "img/8.png"
        },
        {
            "id": 44,
            "name": "جمبري بالجبنة الموتزاريلا",
            "description": "جمبري مخبوز مع طبقة من الجبن الموتزاريلا",
            "price": 165,
            "image": "img/9.png"
        },
        {
            "id": 45,
            "name": "جمبري بالكاراميل الحار",
            "description": "جمبري مضاف إليه صوص الكاراميل الحار",
            "price": 170,
            "image": "img/10.png"
        },
        {
            "id": 46,
            "name": "جمبري بالكريمة الحارة",
            "description": "جمبري مطهو بالكريمة الحارة والنكهات القوية",
            "price": 175,
            "image": "img/8.png"
        },
        {
            "id": 47,
            "name": "جمبري بالزنجبيل والعسل",
            "description": "جمبري مطهو مع الزنجبيل الطازج وصوص العسل",
            "price": 180,
            "image": "img/9.png"
        },
        {
            "id": 48,
            "name": "جمبري بصلصة الزعفران",
            "description": "جمبري مع صلصة الزعفران الفاخرة",
            "price": 185,
            "image": "img/10.png"
        },
        {
            "id": 49,
            "name": "جمبري بالكراميل",
            "description": "جمبري مشوي مع لمسة من صوص الكراميل",
            "price": 190,
            "image": "img/8.png"
        },
        {
            "id": 50,
            "name": "جمبري بالبابريكا المدخنة",
            "description": "جمبري مطهو مع البابريكا المدخنة ليضفي طعمًا فريدًا",
            "price": 195,
            "image": "img/9.png"
        }
    ]
}