{
    "products": [
        {
            "id": 1,
            "name": "بيتزا مارغريتا",
            "description": "بيتزا كلاسيكية مع صلصة الطماطم وجبنة الموزاريلا",
            "price": 70,
            "image": "img/1.png"
        },
        {
            "id": 2,
            "name": "بيتزا ببروني",
            "description": "بيتزا مع شرائح الببروني والجبنة",
            "price": 85,
            "image": "img/2.png"
        },
        {
            "id": 3,
            "name": "بيتزا الخضروات",
            "description": "بيتزا مع خليط من الخضروات الطازجة",
            "price": 75,
            "image": "img/2.png"
        },
        {
            "id": 4,
            "name": "بيتزا دجاج",
            "description": "بيتزا مع قطع الدجاج المشوي",
            "price": 90,
            "image": "img/1.png"
        },
        {
            "id": 5,
            "name": "بيتزا سي فود",
            "description": "بيتزا مع مأكولات بحرية طازجة",
            "price": 120,
            "image": "img/1.png"
        },
        {
            "id": 6,
            "name": "بيتزا ميكس تشيز",
            "description": "بيتزا مع خليط من الأجبان",
            "price": 95,
            "image": "img/1.png"
        },
        {
            "id": 7,
            "name": "بيتزا تندوري",
            "description": "بيتزا مع نكهة التندوري الهندية",
            "price": 100,
            "image": "img/2.png"
        },
        {
            "id": 8,
            "name": "بيتزا ستيك",
            "description": "بيتزا مع قطع اللحم البقري المشوي",
            "price": 110,
            "image": "img/1.png"
        },
        {
            "id": 9,
            "name": "بيتزا الجبن الأزرق",
            "description": "بيتزا مع جبن الروكفور",
            "price": 105,
            "image": "img/1.png"
        },
        {
            "id": 10,
            "name": "بيتزا السجق",
            "description": "بيتزا مع شرائح السجق الحار",
            "price": 90,
            "image": "img/1.png"
        },
        {
            "id": 11,
            "name": "بيتزا بيستو",
            "description": "بيتزا مع صلصة البيستو وجبنة الموزاريلا",
            "price": 85,
            "image": "img/2.png"
        },
        {
            "id": 12,
            "name": "بيتزا البيض والجبن",
            "description": "بيتزا مع البيض وجبنة الموزاريلا",
            "price": 80,
            "image": "img/2.png"
        },
        {
            "id": 13,
            "name": "بيتزا مشروم",
            "description": "بيتزا مع شرائح المشروم الطازج",
            "price": 75,
            "image": "img/2.png"
        },
        {
            "id": 14,
            "name": "بيتزا اللحم المدخن",
            "description": "بيتزا مع شرائح اللحم المدخن",
            "price": 115,
            "image": "img/1.png"
        },
        {
            "id": 15,
            "name": "بيتزا الجبن الثلاثي",
            "description": "بيتزا مع ثلاثة أنواع من الجبن",
            "price": 95,
            "image": "img/1.png"
        },
        {
            "id": 16,
            "name": "بيتزا مكسيكية",
            "description": "بيتزا مع نكهات مكسيكية حارة",
            "price": 100,
            "image": "img/1.png"
        },
        {
            "id": 17,
            "name": "بيتزا البطاطس",
            "description": "بيتزا مع شرائح البطاطس المقلية",
            "price": 85,
            "image": "img/1.png"
        },
        {
            "id": 18,
            "name": "بيتزا الأنشوجة",
            "description": "بيتزا مع شرائح الأنشوجة",
            "price": 110,
            "image": "img/1.png"
        },
        {
            "id": 19,
            "name": "بيتزا الزيتون",
            "description": "بيتزا مع خليط من الزيتون الأسود والأخضر",
            "price": 75,
            "image": "img/2.png"
        },
        {
            "id": 20,
            "name": "بيتزا المحشي",
            "description": "بيتزا محشية الأطراف بالجبن",
            "price": 120,
            "image": "img/2.png"
        },
        {
            "id": 21,
            "name": "بيتزا رانش",
            "description": "بيتزا مع صلصة الرانش وقطع الدجاج",
            "price": 90,
            "image": "img/2.png"
        },
        {
            "id": 22,
            "name": "بيتزا كاربونارا",
            "description": "بيتزا مع صلصة الكريمة ولحم البقر المقدد",
            "price": 100,
            "image": "img/1.png"
        },
        {
            "id": 23,
            "name": "بيتزا نابولي",
            "description": "بيتزا إيطالية مع صلصة الطماطم وزيت الزيتون",
            "price": 80,
            "image": "img/1.png"
        },
        {
            "id": 24,
            "name": "بيتزا المأكولات المدخنة",
            "description": "بيتزا مع نكهة المدخن وشرائح اللحم",
            "price": 115,
            "image": "img/2.png"
        },
        {
            "id": 25,
            "name": "بيتزا الحارقة",
            "description": "بيتزا مع فلفل حار وصلصة نارية",
            "price": 95,
            "image": "img/2.png"
        },
        {
            "id": 26,
            "name": "بيتزا تكساس",
            "description": "بيتزا بطابع تكساس مع لحم البقر والصلصة الحارة",
            "price": 110,
            "image": "img/1.png"
        },
        {
            "id": 27,
            "name": "بيتزا السبانخ",
            "description": "بيتزا مع أوراق السبانخ الطازجة",
            "price": 85,
            "image": "img/2.png"
        },
        {
            "id": 28,
            "name": "بيتزا بالزعتر",
            "description": "بيتزا مع الزعتر والجبن الطازج",
            "price": 70,
            "image": "img/2.png"
        },
        {
            "id": 29,
            "name": "بيتزا بولونيز",
            "description": "بيتزا مع صلصة البولونيز الإيطالية",
            "price": 95,
            "image": "img/2.png"
        },
        {
            "id": 30,
            "name": "بيتزا بروكلي",
            "description": "بيتزا مع قطع البروكلي الصحية",
            "price": 80,
            "image": "img/1.png"
        }
    ]
}